model,cv_accuracy,cv_precision,cv_recall,cv_f1,cv_roc_auc,train_f1,f1_std
Baseline,0.6292323340111868,0.0,0.0,0.0,0.5,0.0,0.0
Decision Tree,0.8475783051955244,0.7906908108286959,0.8009556991753328,0.7957782197560619,0.8394423150381769,0.995244739451234,0.003049516671871755
Random Forest,0.8847505047589517,0.88858221411188,0.7880311750691595,0.8352665144297967,0.9526377393131696,0.9952581171903544,0.0010626063695531019
